{"coords": [[34.89638532740177, -86.5652713923205], [34.89642437991354, -86.56521572975039], [34.89646150728429, -86.5651473251461], [34.896499184673, -86.56507824990845], [34.89650413498555, -86.56503197620555], [34.89646233233677, -86.56499643263663], [34.89640182846534, -86.56494211133324], [34.89636910135266, -86.5649270220823], [34.896335824191134, -86.56492836334907], [34.89622288343231, -86.56511915854433], [34.89625478554868, -86.56517884491473], [34.89629218801415, -86.56521002936667], [34.896341691251045, -86.56524590825224], [34.896267161366325, -86.56504538887306], [34.89631253934848, -86.5649602184344], [34.89643519728387, -86.5650822737087], [34.89637606848137, -86.56503465873905], [34.89633674092872, -86.56510138675988], [34.896380193748044, -86.56513458311196], [34.896299888519614, -86.56509468042614], [34.896361767555305, -86.56516677351397], [34.89642887187911, -86.56512720614482], [34.89643107201997, -86.56505578369035], [34.896440972653, -86.56497094856839], [34.89634746662676, -86.56501152188758], [34.8964013701137, -86.56517616238123], [34.89639669481267, -86.56507322015813], [34.89631996483408, -86.56513458311196], [34.896418971244636, -86.56496625413476], [34.89629383812251, -86.56500850403742], [34.89625093529391, -86.56507154357467], [34.89636149253747, -86.56506684914105], [34.896492400922035, -86.56527742802089], [34.89649845130452, -86.56493138119926], [34.8962242585238, -86.56488644876309], [34.89622948387118, -86.56529855297221]], "corners": [[34.896492400922035, -86.56527742802089], [34.89649845130452, -86.56493138119926], [34.8962242585238, -86.56488644876309], [34.89622948387118, -86.56529855297221]]}